sensor,reference,model,subset,n,mae,rmse,mape_percent,rmsle,r2,epsilon_percent,beta_percent
tm,observed_secchi_m,our_final_mdn,positive_observed_only,1439,1.0146729951528093,3.3162302395875285,47.98221360716096,0.6648810973820931,0.08015610178181043,45.34262227171561,-12.521431634252922
tm,observed_secchi_m,maciel_2023_prediction,positive_observed_only,1439,1.0545666140062544,3.2841317821981746,59.047419375058666,0.6956528391022488,0.09787663147500825,52.00586625000001,-1.1168937125929368
tm,maciel_predicted_secchi_m,our_final_mdn,all_rows_excluding_named_outliers,1439,0.37027244980794444,0.5526078276247433,24.035051312670944,0.3273933682267763,0.769316201593752,22.850347531031478,-13.49441520647774
