sensor,reference,model,n,mae,rmse,mape_percent,rmsle,r2,epsilon_percent,beta_percent
tm,observed_secchi_m,our_final_mdn,1440,1.041214269441725,3.4725660309004764,48.49381079175586,0.6671284261127332,-0.008805410494162391,45.353348689610186,-12.424291516875963
tm,observed_secchi_m,maciel_2023_prediction,1440,33.31388473441319,1224.1872446886887,704.2074233893818,0.73591510680702,-125371.43988345488,52.060349406432735,-1.094142591426972
tm,maciel_predicted_secchi_m,our_final_mdn,1440,32.602819866182244,1223.1490577821833,24.087738631137963,0.3751285618216858,0.0011346941836601898,22.850347531031478,-13.51258324118827
