{
  "sensor": "tm",
  "fit_mode": "final",
  "rows": 5555,
  "groups": 331,
  "feature_names": [
    "blue",
    "green",
    "red",
    "green_over_blue",
    "blue_over_red",
    "green_over_red",
    "line_height_blue_green_red"
  ],
  "validation_metrics": {
    "n": 895,
    "mae": 0.7364510789049004,
    "rmse": 1.0385296995840192,
    "mape_percent": 55.12983941459885,
    "rmsle": 0.4892514669252622,
    "r2": 0.8295672820885863,
    "epsilon_percent": 26.430585980415344,
    "beta_percent": 14.777373528136506,
    "mean_member_val_nll": -0.6850918233394623,
    "mean_selected_epochs": 18.2,
    "n_features": 7
  },
  "retrained_on_full_dataset": true
}