{
  "sensor": "etm",
  "fit_mode": "final",
  "rows": 5555,
  "groups": 331,
  "feature_names": [
    "blue",
    "green",
    "red",
    "green_over_blue",
    "blue_over_red",
    "green_over_red",
    "line_height_blue_green_red"
  ],
  "validation_metrics": {
    "n": 895,
    "mae": 0.6763509697830966,
    "rmse": 0.9801817656415893,
    "mape_percent": 49.094696732858125,
    "rmsle": 0.4740365549369012,
    "r2": 0.8481802170683487,
    "epsilon_percent": 23.50555280087654,
    "beta_percent": 9.480338708000735,
    "mean_member_val_nll": -0.7444393455982208,
    "mean_selected_epochs": 15.1,
    "n_features": 7
  },
  "retrained_on_full_dataset": true
}