sensor,reference,model,n,mae,rmse,mape_percent,rmsle,r2,epsilon_percent,beta_percent
etm,observed_secchi_m,our_final_mdn,3065,1.1546372146087074,1.917865095036693,inf,inf,0.15333801652764667,62.236699439147536,-21.026626669269753
etm,observed_secchi_m,maciel_2023_prediction,3065,1.1769326109415987,1.7432328464837779,inf,inf,0.30050478129814673,66.05828265268332,-6.061645402019011
etm,maciel_predicted_secchi_m,our_final_mdn,3065,0.41586699570269736,0.6929692180913886,22.99590008831504,0.3251986637547794,0.6495681640971893,20.232350728124928,-16.19720477162474
