sensor,reference,model,subset,n,mae,rmse,mape_percent,rmsle,r2,epsilon_percent,beta_percent
etm,observed_secchi_m,our_final_mdn,positive_observed_only,3063,1.1548658714512627,1.9183594572975906,52.82692844790687,0.6963335154216621,0.15280555938958928,62.210186322530106,-21.209160865665886
etm,observed_secchi_m,maciel_2023_prediction,positive_observed_only,3063,1.1771452609764936,1.7436068948063532,65.09122871930833,0.7293968887376346,0.3001253268126537,66.04624855555556,-6.1139852301457465
etm,maciel_predicted_secchi_m,our_final_mdn,all_rows_excluding_named_outliers,3065,0.41586699570269736,0.6929692180913886,22.99590008831504,0.3251986637547794,0.6495681640971893,20.232350728124928,-16.19720477162474
