sensor,reference,model,subset,n,mae,rmse,mape_percent,rmsle,r2,epsilon_percent,beta_percent
tm,observed_secchi_m,our_final_mdn,positive_observed_only,1439,1.0146729951528093,3.3162302395875285,47.98221360716096,0.6648810973820931,0.08015610178181043,45.34262227171561,-12.521431634252922
tm,observed_secchi_m,maciel_2023_prediction,positive_observed_only,1439,1.0545666140062544,3.2841317821981746,59.047419375058666,0.6956528391022488,0.09787663147500825,52.00586625000001,-1.1168937125929368
tm,maciel_predicted_secchi_m,our_final_mdn,all_rows_excluding_named_outliers,1439,0.37027244980794444,0.5526078276247433,24.035051312670944,0.3273933682267763,0.769316201593752,22.850347531031478,-13.49441520647774
etm,observed_secchi_m,our_final_mdn,positive_observed_only,3063,1.1548658714512627,1.9183594572975906,52.82692844790687,0.6963335154216621,0.15280555938958928,62.210186322530106,-21.209160865665886
etm,observed_secchi_m,maciel_2023_prediction,positive_observed_only,3063,1.1771452609764936,1.7436068948063532,65.09122871930833,0.7293968887376346,0.3001253268126537,66.04624855555556,-6.1139852301457465
etm,maciel_predicted_secchi_m,our_final_mdn,all_rows_excluding_named_outliers,3065,0.41586699570269736,0.6929692180913886,22.99590008831504,0.3251986637547794,0.6495681640971893,20.232350728124928,-16.19720477162474
oli,observed_secchi_m,our_final_mdn,positive_observed_only,1508,0.9275931235847156,1.4350861846335432,50.0258475696065,0.5475680421189056,0.4918344699827648,43.48424916896476,-3.250985977362797
oli,observed_secchi_m,maciel_2023_prediction,positive_observed_only,1508,1.092674606179045,1.5106389471754305,73.33516776554137,0.6439887028973489,0.4369193667804008,51.20557371428571,12.640838616242945
oli,maciel_predicted_secchi_m,our_final_mdn,all_rows_excluding_named_outliers,1509,0.4798330013627051,0.6950560965917408,19.099976339767764,0.3029925693982449,0.6884091905125287,16.66095906053926,-15.692701283847189
