sensor,reference,model,n,mae,rmse,mape_percent,rmsle,r2,epsilon_percent,beta_percent
tm,observed_secchi_m,our_final_mdn,1440,1.041214269441725,3.4725660309004764,48.49381079175586,0.6671284261127332,-0.008805410494162391,45.353348689610186,-12.424291516875963
tm,observed_secchi_m,maciel_2023_prediction,1440,33.31388473441319,1224.1872446886887,704.2074233893818,0.73591510680702,-125371.43988345488,52.060349406432735,-1.094142591426972
tm,maciel_predicted_secchi_m,our_final_mdn,1440,32.602819866182244,1223.1490577821833,24.087738631137963,0.3751285618216858,0.0011346941836601898,22.850347531031478,-13.51258324118827
etm,observed_secchi_m,our_final_mdn,3065,1.1546372146087074,1.917865095036693,inf,inf,0.15333801652764667,62.236699439147536,-21.026626669269753
etm,observed_secchi_m,maciel_2023_prediction,3065,1.1769326109415987,1.7432328464837779,inf,inf,0.30050478129814673,66.05828265268332,-6.061645402019011
etm,maciel_predicted_secchi_m,our_final_mdn,3065,0.41586699570269736,0.6929692180913886,22.99590008831504,0.3251986637547794,0.6495681640971893,20.232350728124928,-16.19720477162474
oli,observed_secchi_m,our_final_mdn,1509,0.9290599234179665,1.4368874575546244,inf,inf,0.49067623178219744,43.49672198295593,-3.250985977362797
oli,observed_secchi_m,maciel_2023_prediction,1509,1.0940953117660703,1.5124349474716807,inf,inf,0.4357106631552181,51.20557371428571,12.687755679246981
oli,maciel_predicted_secchi_m,our_final_mdn,1509,0.4798330013627051,0.6950560965917408,19.099976339767764,0.3029925693982449,0.6884091905125287,16.66095906053926,-15.692701283847189
