sensor,reference,model,subset,n,mae,rmse,mape_percent,rmsle,r2,epsilon_percent,beta_percent
oli,observed_secchi_m,our_final_mdn,positive_observed_only,1508,0.9275931235847156,1.4350861846335432,50.0258475696065,0.5475680421189056,0.4918344699827648,43.48424916896476,-3.250985977362797
oli,observed_secchi_m,maciel_2023_prediction,positive_observed_only,1508,1.092674606179045,1.5106389471754305,73.33516776554137,0.6439887028973489,0.4369193667804008,51.20557371428571,12.640838616242945
oli,maciel_predicted_secchi_m,our_final_mdn,all_rows_excluding_named_outliers,1509,0.4798330013627051,0.6950560965917408,19.099976339767764,0.3029925693982449,0.6884091905125287,16.66095906053926,-15.692701283847189
