sensor,reference,model,n,mae,rmse,mape_percent,rmsle,r2,epsilon_percent,beta_percent
oli,observed_secchi_m,our_final_mdn,1509,0.9290599234179665,1.4368874575546244,inf,inf,0.49067623178219744,43.49672198295593,-3.250985977362797
oli,observed_secchi_m,maciel_2023_prediction,1509,1.0940953117660703,1.5124349474716807,inf,inf,0.4357106631552181,51.20557371428571,12.687755679246981
oli,maciel_predicted_secchi_m,our_final_mdn,1509,0.4798330013627051,0.6950560965917408,19.099976339767764,0.3029925693982449,0.6884091905125287,16.66095906053926,-15.692701283847189
