{
  "sensor": "oli",
  "fit_mode": "final",
  "rows": 5555,
  "groups": 331,
  "feature_names": [
    "blue",
    "green",
    "red",
    "green_over_blue",
    "blue_over_red",
    "green_over_red",
    "line_height_blue_green_red"
  ],
  "validation_metrics": {
    "n": 895,
    "mae": 0.6883847124609143,
    "rmse": 1.0133200047452233,
    "mape_percent": 46.196672796227155,
    "rmsle": 0.4595796374074964,
    "r2": 0.8377411621843414,
    "epsilon_percent": 23.44814449550765,
    "beta_percent": 9.461568295955658,
    "mean_member_val_nll": -0.7193699061870575,
    "mean_selected_epochs": 21.3,
    "n_features": 7
  },
  "retrained_on_full_dataset": true
}